.design_index,.incubation_time,.infectious_time,.r_zero,.lock_1_restrict,.lock_2_release,.max_dist,beta[2],beta[3],progress[1],progress[2],progress[3],repeats
0,0.73739692395553,-0.782404178548604,0.180036174468696,-0.342810542341322,0.479531405121088,0.2,1.5264400744749118,1.5264400744749118,0.1742950702651701,1.0,0.8212905977354473,5
