.design_index,incubation_time,infectious_time,r_zero,lock_1_restrict,lock_2_release,max_dist,repeats
0,5.73739692395553,2.217595821451396,3.385027130851522,0.328594728829339,0.739765702560544,6.0,5
